Id,ORGANIZATION,NAME,GENDER,SPECIALITY,ADDRESS,CITY,STATE,ZIP,LAT,LON,ENCOUNTERS,PROCEDURES
882fc1c9-aa17-355a-9d78-75b71702a1d9,74ab949d-17ac-3309-83a0-13b4405c66aa,Ted955 Reilly981,M,GENERAL PRACTICE,881 Main Street,Fitchburg,MA,01420,42.586487,-71.80521,132,0
f3ccb211-2b1f-3546-87e7-d3e8f9d435ed,324b4137-57a0-3ae0-89db-1c33f57ae0c1,Herma433 Satterfield305,F,GENERAL PRACTICE,134 NORTH ST,NORTH READING,MA,018641315,42.5892341,-71.10546522083789,1,0
9270fc9b-86be-3294-b9f5-8675b0ac0a43,faffaf6a-ee1a-3673-b0b0-421a9c249244,Jaunita130 Armstrong51,F,GENERAL PRACTICE,66 WASHINGTON ST,STOUGHTON,MA,020722571,42.14415820061801,-71.10378319512402,46,0
022de0cf-8c4e-3894-861f-bcd727ba0383,e09d4c49-c2ef-3b0f-9a46-3719d9219306,Jules135 Emard19,M,GENERAL PRACTICE,60 HOSPITAL RD,LEOMINSTER,MA,014533290,42.54031915,-71.76312990486304,49,0
32d4a429-30c2-3b9a-bde4-9406c661785e,c241b977-4131-32e4-9957-e0a00b2a1e5f,Brittanie254 Krajcik437,F,GENERAL PRACTICE,94 MAIN STREET,HYANNIS,MA,026013146,41.6562802,-70.27448000204822,7,0
4edd28e7-853f-3762-8da8-398ae0a7add3,aa682136-a4df-3942-9f50-e6fcee6c0b73,Precious140 Runolfsson901,F,GENERAL PRACTICE,501 CORDWAINER DRIVE,NORWELL,MA,020611630,42.1647071,-70.88149077838713,1,0
0d67d251-73f5-3118-be75-41f33e95b7d1,2936ca90-6594-357d-be14-53fe0ab84dd1,Avis183 Ankunding277,F,GENERAL PRACTICE,11 TREMONT ST,KINGSTON,MA,023641231,42.00823215,-70.72984043580247,47,0
9dbadfb3-0677-3a71-9b33-b477279774cd,77d67d58-b097-3309-a94c-abd49c432528,Martine382 Moore224,F,GENERAL PRACTICE,383 MILL ST,WORCESTER,MA,016022414,42.2618147,-71.85253220643622,2,0
86420cd5-f3d6-3faa-a2d4-06ea5c8c5823,42d4b607-f14d-370a-818e-40965685776c,Arlen68 Hettinger594,M,GENERAL PRACTICE,3 WASHINGTON ST STE 220,NORTH EASTON,MA,023561034,42.0667665,-71.1036592,45,0
4430e2a2-7bf1-3f49-95ab-3d887b5065df,ab701a70-a658-340e-8f69-ee196a7d40c6,Eduardo902 Villegas15,M,GENERAL PRACTICE,484 RTE 134,WORCESTER,MA,016071728,42.2625621,-71.8018877,1,0
76f3e83b-d274-371f-b1c3-f50bab5d52ad,11ba6a26-59b4-3728-a268-6dc9929962b4,Archie818 McCullough561,M,GENERAL PRACTICE,200 GOVERNORS AVENUE,MEDFORD,MA,021551644,42.42711615,-71.1121606632448,8,0
a233116a-142e-3ba3-8f1c-5c11f2efbea7,71472d9b-aa5c-3b49-a5c3-d0eee8859015,Tyree261 Kutch271,M,GENERAL PRACTICE,118 WATERHOUSE RD STE C,BOURNE,MA,025328305,41.7281115,-70.5861571324252,131,0
7fe50fab-fae0-33be-bda9-612d90fc93a7,4bf8af75-4da2-331d-b94e-9975a887face,Gussie514 Mosciski958,F,GENERAL PRACTICE,57 PROSPECT ST,NANTUCKET,MA,025542799,41.27514065,-70.10108985970798,43,0
6a23a5c7-f803-309b-be94-a073f43b6348,667b46fe-0afa-3f70-a311-bbe3d52db050,Vicente970 Caballero789,M,GENERAL PRACTICE,757 BOSTON POST RD,WORCESTER,MA,016071728,42.231371,-72.165386,164,0
6e45f488-f750-330e-b609-548e870a5a04,a4af40b8-0ddb-34bb-ae4a-95a17e9ad6f3,Tambra47 Heaney114,F,GENERAL PRACTICE,100 MYLES STANDISH BOULEVARD  SUITE 103,TAUNTON,MA,027807340,41.948930849999996,-71.14141318475193,9,0
74c1096a-0bb8-39d7-a2a4-11844dd7fb63,775df862-d2d1-3a68-9814-043f6aa6ea66,Rueben647 Barrows492,M,GENERAL PRACTICE,770 CONVERSE ST,LONGMEADOW,MA,011061719,42.0639853,-72.5521444,1,0
c8d8a0dd-1ef7-3919-a174-baa7c1ab3b79,fe675917-7b09-3afd-a6e6-128cc4de4734,Chery887 Kohler843,F,GENERAL PRACTICE,319A ALLSTON STREET,BRIGHTON,MA,021357652,42.345093,-71.139804,21,0
d6e0eea2-5f69-374f-88f6-09f2cc512895,8f0ec876-22d3-3986-892e-4c2052d0fffa,Edwardo860 Harris789,M,GENERAL PRACTICE,94 SUMMER ST,FITCHBURG,MA,014205761,42.57835885,-71.78584786190521,1,0
b789d33d-80b1-3f91-bf1b-a5c872793530,643eac8e-1620-3b6a-b9f3-664b003d22cd,Daniela614 Serrato62,F,GENERAL PRACTICE,34 GIFFORD ST,NEW BEDFORD,MA,027442610,41.6177929,-70.91890087055067,75,0
137b01dd-34ed-375f-9480-db403d7233fc,8e3ca57f-6f74-3d61-9803-ab1424290216,Humberto482 Mann644,M,GENERAL PRACTICE,89 MORTON STREET,ANDOVER,MA,018102036,42.6551409,-71.12857340697036,93,0
3bc7cde2-1c7b-30d9-be44-ca37af1ed904,5fcff9db-16e4-3e56-aa78-abbc16338097,Margene509 Schamberger479,F,GENERAL PRACTICE,295 VARNUM AVE,WESTFORD,MA,018863513,42.5792583,-71.4378411,55,0
3d26a0db-3067-3784-8896-42a53c4171c7,1ddd51d1-7297-3c3b-bad5-98aecd5e4a79,Derrick232 Kub800,M,GENERAL PRACTICE,127 CAMBRIDGE STREET  SUTIE #2B,BURLINGTON,MA,018033735,42.50188325,-71.19559351572005,3,0
448c504f-7ccb-3a7c-9e18-72a40c182f1d,4cb90b5f-734d-322f-a2f2-776824e1ce35,Irvin970 Emard19,M,GENERAL PRACTICE,770 CONVERSE STREET,LONGMEADOW,MA,011061719,42.0639853,-72.5521444,1,0
8ab43807-3151-3763-9156-a4ac0ece99c7,93c3d861-e05d-33b9-91eb-1768470229d7,Phoebe31 Thiel172,F,GENERAL PRACTICE,10 CENTENNIAL DR,PEABODY,MA,019607938,42.5261827,-70.9529896,46,0
0cf3bd35-7bd2-3e8e-8574-0816f890f152,ca1c0a76-f601-3a1c-a448-689cd3d56bb1,Luther918 Rippin620,M,GENERAL PRACTICE,96 FOREST STREET,PEABODY,MA,019603907,42.528469349999995,-70.95557442492182,16,0
dc15854a-3fb9-3c9b-afd0-c8ffa88571ad,609ec9f1-e806-3427-b912-9e3b2915521d,Cherrie404 Conn188,F,GENERAL PRACTICE,575 BEECH STREET,HOLYOKE,MA,010406604,42.20105435,-72.628169560868,2,0
f0f8eb41-3415-31e6-93a2-1c536fc00a78,9fd71acd-3535-353d-975f-ed7dbf5f9961,Denny560 Herzog843,M,GENERAL PRACTICE,250 GREEN ST,GARDNER,MA,01440,42.586896550000006,-71.98672640006858,34,0
7df1dd29-e5b0-3f4e-bae4-95d83c147df4,7b9a19b2-d900-3f93-a47b-4b88491fb57b,Tommy814 Witting912,F,GENERAL PRACTICE,308 KINGSTOWN WAY,DUXBURY,MA,023324647,42.030389650000004,-70.73959947632582,2,0
3396a1a9-65b0-3717-b3d3-e54602d567b2,4ffa4412-1493-3beb-b8f0-6614dde953a4,Sulema841 Ryan260,F,GENERAL PRACTICE,363 HIGHLAND AVENUE,WAREHAM,MA,025715011,41.745636,-70.658192,252,0
1f372270-1677-3e4a-9d70-f10b45b3714a,ede4a423-6258-3ef5-b5ba-0fa6bb579563,Pablo44 Paucek755,M,GENERAL PRACTICE,326 NICHOLS ROAD,FITCHBURG,MA,014205478,42.5974358,-71.80761197366103,6,0
beef8935-61ca-379a-8e07-33dbc21d8f82,a14e698d-a9ba-3eae-9c8b-682ec726433d,Brian582 Cummerata161,M,GENERAL PRACTICE,776 WESTERN AVE,LYNN,MA,019052408,42.466763,-70.9494939,16,0
38ca7fdb-a12c-3cf8-87ba-742c626619aa,dd9914b0-9491-3330-a890-d34e95e497ea,Assunta351 Haley279,F,GENERAL PRACTICE,1061 PLEASANT ST,NEW BEDFORD,MA,027406728,41.64280275,-70.92865004309593,39,0
35916914-97a1-3e3a-9a62-aa4f44be1331,b6eeaaf7-1683-3bcb-b6ee-81ce304636ef,Zachery872 Pagac496,M,GENERAL PRACTICE,170 GOVERNORS AVE,MELROSE,MA,021763225,42.4564323,-71.064182,292,0
2487233c-e4c4-38ec-84d0-a2941e51bc07,1c42af32-f17e-32ec-b007-4ff8e2de493e,Ivette731 Wunsch504,F,GENERAL PRACTICE,235 NORTH PEARL STREET,STOUGHTON,MA,020723396,42.1004556,-71.0668392,5,0
4ee0533f-4f48-3fe0-8ba8-ee3cdb7ca7aa,d613e441-68e8-3502-8adb-3f770a1276bf,Emmaline88 Witting912,F,GENERAL PRACTICE,114 WATER ST,MILFORD,MA,017573007,42.13661855,-71.53474614336832,60,0
4da49488-13f4-3c40-a12d-def76f2eb6ae,d3085315-9893-34c7-8889-3a31dc17c2b0,Ethyl508 Rau926,F,GENERAL PRACTICE,1428 MAIN ST STE 7,WALPOLE,MA,020811729,42.1325911,-71.2618886,44,0
30767440-cfcf-3076-a036-ded91e1f681c,18061fd5-fda8-3e2d-87f0-0f3c87211bcc,Margarite168 Koepp521,F,GENERAL PRACTICE,1493 CAMBRIDGE ST,SOMERVILLE,MA,021431408,42.3875968,-71.0994968,61,0
c53871d2-1fb9-3579-a4b7-be8312921744,c64c848c-0315-3115-87fa-80c360bb6a73,Sondra191 Zieme486,F,GENERAL PRACTICE,142 BERKELEY ST,BOSTON,MA,021164608,42.3489076,-71.0721378,10,0
a07c7088-a4d6-3ae4-8cfb-e2268fad0e97,7e97f720-f99d-3402-98a4-a144aaa5bd01,Damian46 Hansen121,M,GENERAL PRACTICE,210 JONES RD,FALMOUTH,MA,025402974,41.5614958,-70.6117407224321,50,0
b2ee8321-0e1c-3cf5-a901-e3303c703c38,b3ada130-6443-3a8e-98c7-4ec127a2b0c4,Ned189 Haley279,M,GENERAL PRACTICE,ONE GREAT ROAD,ACTON,MA,017205601,42.4850931,-71.43284,8,0
ae39ae18-95fe-35bd-8b1a-7145b2da3831,06f1d816-dd54-3409-bd94-8dc2745f807c,Yulanda554 Hand679,F,GENERAL PRACTICE,12 KENT WAY  SUITE 210,BYFIELD,MA,019221221,42.75468625,-70.9451078257969,61,0
c0fb20b8-e2a1-37cc-8d7b-36c72721f02a,545dcda5-7471-374e-9251-b4b685197d3c,Lezlie553 Koss676,F,GENERAL PRACTICE,175 CONNORS STREET,GARDNER,MA,014402637,42.5730593,-71.99713285,131,0
666b7fbc-7be0-363c-8fd1-9e90ed4668df,1e11392b-1278-3e70-93cd-f396cbd0c265,Clara183 Esquivel546,F,GENERAL PRACTICE,115 LINCOLN ST,NATICK,MA,017607700,42.2843753,-71.3441395,124,0
0d9dff18-f221-3976-baa3-46b315faca7d,fe30f2b4-9bc8-346e-afba-4455d1766545,Georgetta870 Turner526,F,GENERAL PRACTICE,17 LAFAYETTE AVENUE,CHELSEA,MA,021502010,42.40019115,-71.03050082480353,11,0
d82525f1-af37-3752-8ff6-f3996c4b3bb4,6cf8a214-8d57-3267-85e5-7719e15cd63e,Cindie288 Zulauf375,F,GENERAL PRACTICE,170 MORTON STREET,JAMAICA PLAIN,MA,021303735,42.299067750000006,-71.10124351911541,16,0
e17d5490-d87a-3211-8e62-e7510c8ca1bf,13161e5b-02d2-3d19-8b48-26ef0becfc83,Erasmo545 Crooks415,M,GENERAL PRACTICE,165 CAPTAIN'S ROW,CHELSEA,MA,021504019,42.3917638,-71.0328284,2,0
f238adef-bce5-39af-bb15-6745d765150d,0fedae9f-701f-3317-9b2f-69aea2202cdc,Willian804 Batz141,M,GENERAL PRACTICE,88 EAST NEWTON STREET,WINTHROP,MA,021522715,42.3750976,-70.982827,255,0
1c31c11b-cd95-3da1-b0fb-ad7946d34665,9ab139f5-d278-31b4-b44e-feffdea65613,Shayla126 White193,F,GENERAL PRACTICE,88 ROUTE 6A 101,SANDWICH,MA,025631866,41.764922,-70.502215,30,0
e3766c9d-2592-394a-8241-5d88e49ed1b2,a3327df4-d092-350b-b551-e60c82076c9a,Debra128 Predovic534,F,GENERAL PRACTICE,46 NORTH MAIN ST,W BROOKFIELD,MA,015853232,42.23754835,-72.13791547215251,21,0
02bb7869-5089-3141-bee5-5b55ef7f03d2,0b5f4cda-f9ae-36a8-a94c-ffbf56f45236,Ardath226 Hodkiewicz467,F,GENERAL PRACTICE,210 MARKET ST,NORTH ANDOVER,MA,018451656,42.6839894,-71.1127065,4,0
b8483633-4e46-3d61-b88d-532c05481955,aade280a-3b90-3e48-9648-91109a964a63,Josef103 Klein929,M,GENERAL PRACTICE,909 SUMNER ST,DARTMOUTH,MA,027473826,41.6332267,-70.9879928,363,0
f5c19b31-bac7-373e-86f5-2cc18c81d4e6,96e9e829-0b71-3ad3-8b41-60e25b5d47d7,Doyle959 Crooks415,M,GENERAL PRACTICE,111 ORIENT AVE,EAST BOSTON,MA,021281006,42.39055278090538,-71.00587148689957,4,0
bc2f2d50-754e-3931-8f16-7bbc19e2ab2b,7a3b8310-02eb-3c47-aa1b-3f55b3ed9de9,Lauretta754 Dare640,F,GENERAL PRACTICE,6 HATFIELD ST,NORTHAMPTON,MA,010602545,42.333172950000005,-72.6566355591273,3,0
ff05fa35-bf37-3e23-afe2-9bb6afe990eb,ecadbc11-930c-3903-b706-f8ef4bc9089e,Erwin847 Baumbach677,M,GENERAL PRACTICE,780 CHESTNUT ST,SPRINGFIELD,MA,011031109,42.1211633,-72.60614164702717,45,0
fd408d77-053c-374c-812a-f37556bae38d,980d9bfa-a344-3bff-8c02-232dd0e8fd34,Pearlie554 Lakin515,F,GENERAL PRACTICE,100 TRADE CENTER SUITE G-700,WOBURN,MA,018011851,42.4792618,-71.1522766,56,0
9254f924-f7ed-33e2-81ae-af7d216c1b20,440fa4b8-c731-3cf5-81d9-aa3f30a37b95,Joanna347 Abbott774,F,GENERAL PRACTICE,41 & 45 MALL ROAD,PEABODY,MA,019602901,42.5278731,-70.9286609,296,0
96a40d6b-67fb-34c2-ac03-f4dc1ac2e01c,a1434ca1-a1ac-3884-abc7-fc4c35cc8b68,Guillermo498 Dietrich576,M,GENERAL PRACTICE,390 ORLEANS ROAD,NORTH CHATHAM,MA,026501154,41.700306363636365,-69.96549390909091,1,0
0b4781ad-6b8b-3d53-b2a4-3358e4218422,0fab3c4e-a028-39a6-b15a-be5a88b6aa2a,Miyoko154 Paucek755,F,GENERAL PRACTICE,222 STATE STREET,LUDLOW,MA,010563437,42.15547415,-72.47222226666076,219,0
366618c1-658b-38c5-b6cb-cee2cdbe9d18,3b021cb6-4745-3d9d-8436-230055f770bd,Dusty207 Franecki195,M,GENERAL PRACTICE,148 CHESTNUT ST,NEEDHAM,MA,024943238,42.27728075,-71.23665362814043,7,0
a69df10c-b57b-3d1b-884c-d5aee16f04eb,7b95b4ab-5bb6-3abc-b0e5-02689f84228d,Audra143 Beatty507,F,GENERAL PRACTICE,20 POND MEADOW DR,READING,MA,018673261,42.516645499999996,-71.09917578750729,20,0
ce0682f6-f214-3953-a59e-6de68c339211,34f0b10a-5e29-31de-a75e-e0bb03c0c0d4,Dierdre747 Leuschke194,F,GENERAL PRACTICE,56 COLPITTS RD,WESTON,MA,024931568,42.36610065,-71.3036759,53,0
deec5aa1-f9c5-330c-b6eb-fa1cebdf41ad,e9a24be5-b0a3-3fd2-a606-dd13498024ea,Estella474 O'Hara248,F,GENERAL PRACTICE,85 E MAIN ST STE A,NORTON,MA,027662307,41.971697,-71.17689334021827,64,0
2a44cd7b-0601-3eb8-993d-aaa39830c416,57e4e5fa-d68d-3caa-a5ad-37beb1b51207,Abdul218 White193,M,GENERAL PRACTICE,800 WASHINGTON ST,NORWOOD,MA,020623487,42.1886973,-71.2005241,10,0
82289be3-2434-3aeb-ace2-252426c13890,b20a0fe1-53b3-33fc-8acb-bc9a2df64e57,Michaele314 Schoen8,F,GENERAL PRACTICE,3 PATTERSON ROAD  SUITE 3,SHIRLEY,MA,014642907,42.552462649999995,-71.62383665745185,10,0
58bfb808-a681-3f55-9cf5-a30dfc855738,2befa435-3070-3350-a15c-e43ac1e84b24,Caridad510 Arredondo74,F,GENERAL PRACTICE,575 BEECH STREET,HOLYOKE,MA,010406604,42.20105435,-72.628169560868,3,0
14bec8d1-b78a-30e9-b3eb-3a2f2a54c99c,00ffb204-07b4-3c72-a678-fa252e6cf86c,Alex454 Satterfield305,M,GENERAL PRACTICE,450 BEDFORD ST,LEXINGTON,MA,02420,42.47370735,-71.25090005,16,0
343d68c1-b3e5-3df0-9e2d-cccc1cb8db48,ad82d624-72eb-3c7d-a76d-79f2668d1390,Mathew182 Howe413,M,GENERAL PRACTICE,3 WOODLAND RD,STONEHAM,MA,021801711,42.452443099999996,-71.08939988105112,112,0
8d117bcf-f319-3b67-ae95-5a5f9ed308ca,b8421363-9807-3b16-a146-95336eea5cfb,Saundra460 Kuphal363,F,GENERAL PRACTICE,30 LOCUST ST,NORTHAMPTON,MA,010602052,42.33032115,-72.65330802608176,24,0
2ba49228-af50-3c9d-9423-49f4f10dbc10,8424b5ec-ba0a-32e9-94ae-a9d397884093,Ileen763 Casper496,F,GENERAL PRACTICE,49 BLANCHARD STREET  SUITE 101,LAWRENCE,MA,018431456,42.69651155,-71.1612176954981,18,0
61b99f3d-5c00-3771-94a3-823cb6f2e7ff,3498e7d3-90fd-366b-bc6a-6f41dad6bae6,Olympia319 Bradtke547,F,GENERAL PRACTICE,112 WEST MAIN STREET,NORTHBOROUGH,MA,015321824,42.318559050000005,-71.65097281611972,3,0
aa6041c9-e5b5-3817-87fc-49b0e5be2217,37111f41-8bc5-35d3-9cd9-5b447a11ffd1,Ilene33 Greenholt190,F,GENERAL PRACTICE,TEN INGALLS COURT,METHUEN,MA,018443712,42.7262016,-71.1908924,19,0
873c41a9-0000-3c5a-85b9-b8a06f17f32f,24460683-f514-37ef-98c1-724b2fc9aa2a,Simonne139 Wilderman619,F,GENERAL PRACTICE,60 HODGES AVE,TAUNTON,MA,027803034,41.91158935,-71.10129620180315,713,0
e5b803fc-faaf-3fe2-b0d9-a66afc1f0f0b,3076e02a-deac-3e81-96a9-1d32cbda6fca,Cecil300 Kilback373,M,GENERAL PRACTICE,59 EASTWOOD CIRCLE,GARDNER,MA,014403901,42.567006649999996,-71.97817904424542,38,0
3d1deadf-79be-3487-9124-aa80b293a5d7,fbd4ccdf-2fdb-3652-9bbe-1ccff886bd34,Jermaine675 Collins926,M,GENERAL PRACTICE,320 CENTRAL STREET  UNIT A2,SAUGUS,MA,019062372,42.4632069,-71.0093761,6,0
bb86a567-5ce7-3791-8daf-36de760e84f5,901c2d40-1ca3-3879-9a20-c663b8adc0a9,Chanelle850 Schuster709,F,GENERAL PRACTICE,800 WASHINGTON STREET,STONEHAM,MA,021802445,42.4863168,-71.0928919,11,0
1b794700-fbec-3990-818f-68b113da9775,6170552c-4d27-3e64-8068-64a380f1837d,Leo278 Pacocha935,M,GENERAL PRACTICE,76 SUMMER ST,HAVERHILL,MA,018305814,42.7786873,-71.07306505177553,231,0
9fa0aedd-f19e-3761-b908-e15c30621012,e6cc6043-299a-3581-8f6b-b3b5d62c46ae,Ellen406 Farrell962,F,GENERAL PRACTICE,532 SUMNER AVE,SPRINGFIELD,MA,011082458,42.08631583333334,-72.55792579166666,40,0
aebc34e8-17c6-3b1f-b31e-597d6660a82d,b9e35b8a-9831-32d8-a6dc-d7a546c126b0,Venus149 Blick895,F,GENERAL PRACTICE,111 HUNTOON MEMORIAL HIGHWAY  1ST FLOOR,SPRINGFIELD,MA,011092550,42.1018764,-72.5886727,150,0
a187f17b-d80c-3e4b-bb91-c10da09fe175,7a75decf-7d3f-3b0d-8c2b-3abf0a8c7f58,Afton574 Kulas532,F,GENERAL PRACTICE,169 LIBERTY ST,MIDDLETON,MA,019491003,42.615226050000004,-71.0144865346162,45,0
11f48aba-65eb-3cd5-98da-8f206402111e,18df2721-3f76-3f83-94d5-63597cedd298,Gail741 Romaguera67,M,GENERAL PRACTICE,909 SUMNER ST,STOUGHTON,MA,020723396,42.1005097,-71.0830269025407,57,0
c303bdc7-934c-3725-a7e9-6eb0a2bec453,e1818b21-4458-3b9c-b2b8-7ed6f57ae078,Tamisha203 Wilderman619,F,GENERAL PRACTICE,2399 BOSTON ROAD,WILBRAHAM,MA,010951185,42.14668485,-72.45048427046072,9,0
4fbe9580-5515-3549-9b52-f3d59f32b4e4,328f813e-4de8-3ec2-a113-43f3ddfb0b2a,Victoria535 Roob72,F,GENERAL PRACTICE,30-40 WESTPARK STREET,BROCKTON,MA,023015241,42.0834335,-71.0183787,32,0
0df71936-227a-3dad-b4c2-664c73f50fb4,dd3307db-114c-3f11-be44-a9eef6bb3fc5,Evelin941 Ratke343,F,GENERAL PRACTICE,269 UNION STREET,LYNN,MA,019011201,42.4652772,-70.94362420273097,30,0
a9377143-6381-3d5f-bdd3-5d179f79ac2b,66505876-04a4-3f6e-9aa8-7232ee43ab76,Mohammad578 Rodriguez71,M,GENERAL PRACTICE,548 ELM STREET,NORTHAMPTON,MA,010602832,42.327755,-72.657308,1,0
1af8712a-901f-354b-9df9-f5b9b3d68721,9285ca02-6788-3ae1-b1b7-3b313abbfea1,Everett935 Dach178,M,GENERAL PRACTICE,59 COOLIDGE HILL RD,WATERTOWN,MA,024722816,42.36721805,-71.1528107445055,3,0
b4b2466c-eba0-3479-b92f-acead1bab0be,9b1f8cd0-2246-3f4f-82df-23ea314c7665,Verdie59 Bruen238,F,GENERAL PRACTICE,800 ESSEX ST,LAWRENCE,MA,018414617,42.70162725,-71.1755487945157,3,0
6b2154a8-b5e6-3592-bbcf-bd7c27cdb396,15d4c950-4691-3996-b4c4-bf06bfb58ff7,David908 Carreón894,M,GENERAL PRACTICE,70 EAST ST,METHUEN,MA,018445883,42.7285558,-71.16833738237946,1027,0
6ae60055-2257-3a3e-9a5d-e6d1b7bf6a48,d140ed3f-2696-3e78-bd77-1c959ec4fc4d,Jamal145 Marks830,M,GENERAL PRACTICE,863 HATHAWAY ROAD,NEW BEDFORD,MA,027401916,41.6512968,-70.9669902070805,2,0
1aea832f-ea32-328d-a726-71ed0be9303a,1cff30ba-b91f-3ea2-b80b-770d67856358,Annamae625 Halvorson124,F,GENERAL PRACTICE,359 JONES RD,FALMOUTH,MA,025403341,41.5591273,-70.60352436630029,3,0
65da3aad-5ee3-3161-802d-a12c360ddb04,4ff8b164-4cf5-3ab4-b0f2-7ce8fda920e5,Latrisha74 Mante251,F,GENERAL PRACTICE,800 WASHINGTON ST,WORCESTER,MA,016550002,42.180483,-71.867782,28,0
a03af812-fc93-33ab-bfab-17a48348a82e,bccd7d67-203c-3d93-b6b0-bff5a146cd1d,Courtney281 Kihn564,M,GENERAL PRACTICE,286 WASHINGTON ST,STOUGHTON,MA,020721763,42.1384306,-71.1022598,2,0
70d58aac-c805-3d0d-b9fb-3e4a08504f81,63cb4d95-04a9-3a35-b5d9-f89e0377a48d,Thanh759 Weber641,M,GENERAL PRACTICE,211 PARK ST,ATTLEBORO,MA,027033143,41.9419187,-71.2752081695297,29,0
8dd3e6c3-1051-3431-b857-92e905bcf9b5,6e290541-eba3-37fc-a3e2-e58f77e84c7e,Christeen33 Toy286,F,GENERAL PRACTICE,15 LENOX ST.,SPRINGFIELD,MA,011083122,42.085779,-72.55846414285715,66,0
a3ff1457-b6d1-302d-808e-460a70e37073,a2a41caf-758f-3962-8e5f-e6e603f93d17,Rhett759 Padberg411,M,GENERAL PRACTICE,111 HUNTOON MEMORIAL HWY,ROCHDALE,MA,015421305,42.2020225,-71.89891616754682,170,0
cbb9c44a-82dd-39c4-b780-e56fbccb4287,db28cc9a-fdfb-35a6-aef7-ab9b933ef244,Clement78 Gleason633,M,GENERAL PRACTICE,8 DANA STREET,CAMBRIDGE,MA,021385402,42.3694992,-71.11011030010101,2,0
ba026b9d-10fe-358c-8edb-c225ed66fb8d,19a65317-5d32-355e-8f82-88933d48366d,Wes853 King743,M,GENERAL PRACTICE,5 PRECINCT ST,LAKEVILLE,MA,023471468,41.8455651,-70.95195924208448,26,0
b2b33e74-d21e-3954-b2a1-d53f55ecaddd,bfb9ab7d-7b8a-36c9-ac27-d210a6f6f412,Bessie423 Bechtelar572,F,GENERAL PRACTICE,8 LEWIS POINT ROAD,BUZZARDS BAY,MA,025325613,41.745383,-70.618087,2,0
fd1a51fd-3b1d-3198-b730-e7c544f0a0ea,756ed90d-15f4-377d-b99f-ca1de5633481,Denver542 Runte676,M,GENERAL PRACTICE,115 HOLLISTON ST,MEDWAY,MA,020531954,42.158983899999996,-71.41067830029175,1,0
3d419f3a-22c9-3610-ad94-e723462eb037,9d0e702d-50a0-3f4c-9126-0951d560fd4b,Otha286 Roberts511,M,GENERAL PRACTICE,189 MAY ST,WORCESTER,MA,016024339,42.25986305,-71.83597786023279,108,0
ef3c0353-7fe5-36c1-b042-ae91308b3d9e,c7542447-e06e-32cb-b6db-243c23a0dbc2,Carson894 Krajcik437,M,GENERAL PRACTICE,30 WARREN ST,BOSTON,MA,021353602,42.3501483,-71.14393324457691,336,0
c3d3137b-4542-35ea-8e0e-de35adc8044c,d9fe2c9c-135e-3da3-8de8-1a0ff165d886,Bettina657 Marquardt819,F,GENERAL PRACTICE,1430 MAIN ST,WORCESTER,MA,016091121,42.2492003,-71.92931780325071,57,0
892a3424-49a1-3d6a-a4c1-f988bd35e686,8bf5325a-c11b-35c4-b07d-17a5aeba8353,Rueben647 Okuneva707,M,GENERAL PRACTICE,815 WORCESTER STREET,SPRINGFIELD,MA,011511001,42.1018764,-72.5886727,6,0
dce549e1-96b3-3bc7-8388-e61c3f5284fd,aba3e6f6-4562-342e-b90f-dd61b117f394,Maryjane289 White193,F,GENERAL PRACTICE,438 CHESTNUT STREET,SPRINGFIELD,MA,011072008,42.11291091861002,-72.59692685125127,6,0
3214e2ec-4e0e-33f3-94ca-7bf16f5aa403,47fb5a56-bee5-3ecd-9958-706b20831c82,Karey608 Torp761,F,GENERAL PRACTICE,600 CUMMINGS CENTER  SUITE 270X,WOBURN,MA,018016356,42.4792618,-71.1522766,4,0
6c40d83c-98c3-3231-a72b-776e8ed08027,72f50aa0-d8c9-34dc-ac58-c428323f3bcd,Danuta945 Little434,F,GENERAL PRACTICE,55 FRUIT ST,BOSTON,MA,021142696,42.36286045,-71.06875296664998,9,0
c7f4c143-367c-3b11-a6a2-fd35eae13278,ca8a919a-05f9-3687-bfb6-42800a70031e,Clair921 Flatley871,F,GENERAL PRACTICE,6111 OAK TREE BLVD STE 301,FRAMINGHAM,MA,017014613,42.3095704,-71.4413097,35,0
633ffc67-932f-320e-8db2-7279e948ff67,a06b1a97-d6ce-3ea1-ba4a-2ef85a8114ab,Kyle55 Goyette777,M,GENERAL PRACTICE,400 GROTON ROAD,AYER,MA,014321171,42.57821195,-71.5733060441645,1,0
955fb54e-9b45-3e3a-9853-139e0f3e346d,bce5b907-584b-345d-bbcf-912cf56cb6c3,Monte325 Parisian75,M,GENERAL PRACTICE,11-15 SANDERSDALE ROAD,WORCESTER,MA,016032467,42.0667952,-72.0084995,41,0
992ffa17-7419-3f6c-a293-2c4d16808b31,b829fbd7-fd77-3977-a441-91c2691d5653,Federico589 Schumm995,M,GENERAL PRACTICE,380 SUMNER ST,STOUGHTON,MA,020723470,42.1141661,-71.08865040101732,1,0
a3d2c46a-5b20-3f16-8a9a-918bc984844d,8d5880eb-1dd8-31ea-b7c5-21709f3bb341,Nicholle822 Satterfield305,F,GENERAL PRACTICE,50 ROWE ST,MELROSE,MA,021763201,42.4592093,-71.06078096379728,76,0
28fa6553-ef29-30ef-b549-807091e1db42,ca9ee1b8-abeb-3b62-a017-8839fbe10847,Mikel238 Miller503,M,GENERAL PRACTICE,172 LAWRENCE STREET,LAWRENCE,MA,018413849,42.7138132,-71.1639172,18,0
dce54e2d-fedd-30dd-afac-f963785663d3,f99f149d-87f2-3900-b433-d2d87144e34e,Marhta321 Metz686,F,GENERAL PRACTICE,1 HOSPITAL RD,OAK BLUFFS,MA,025572747,41.46063105,-70.57989080295974,1,0
5f024f16-dc88-3249-8eef-e04d27a7d717,3ff0f58b-7a1f-3334-9449-ff15f68b7d86,Crystle668 McCullough561,F,GENERAL PRACTICE,275 SANDWICH ST,PLYMOUTH,MA,023607761,41.94186605,-70.6455366462985,64,0
111c6b03-e779-3fb9-aa67-e9da190f1e82,70e3ad4f-b9ff-3f3e-9990-2cd7e23a9d1c,Zane918 Bosco882,M,GENERAL PRACTICE,1238 RIVERDALE ST,WEST SPRINGFIELD,MA,010894675,42.1373438,-72.62624707492338,2,0
2bc3b25c-65f5-35db-a08d-9d678cfb43e3,8ddbad9e-b5fc-3895-8a1c-17f32197a865,Barrie587 Nicolas769,F,GENERAL PRACTICE,1455 MAIN STREET,CHATHAM,MA,026332083,41.6827332,-69.98755685244114,7,0
56c049dc-59e6-35b0-bf74-6a2acc880ffa,75846b1f-d0ec-3255-9bdd-d09eb0a9dd0d,Vanita165 Bartell116,F,GENERAL PRACTICE,575 BEECH ST,HOLYOKE,MA,010402296,42.20105435,-72.628169560868,31,0
410c89fe-caf0-38b1-ba73-ed556e2a0b0d,7e8bd0f2-2746-355e-92ef-9473818c58a2,Suanne858 Okuneva707,F,GENERAL PRACTICE,90 SUTTON STREET  SUITE 3-4,NORTH ANDOVER,MA,018451655,42.705281049999996,-71.13643624887442,12,0
1c4928ba-ad6a-3cc3-884f-8e5e4906f253,dd280187-8662-3732-af81-595d10572911,Mertie42 Lakin515,F,GENERAL PRACTICE,4499 ACUSHNET AVE,NEW BEDFORD,MA,027454707,41.74026055,-70.9450945705336,81,0
a32dd5b8-c896-3b04-995a-f73e7f19a006,9d989fcf-4ad9-3972-ada3-f275d967781e,Dominic463 Miller503,M,GENERAL PRACTICE,100 TER HEUN DR,SANDWICH,MA,025632377,41.7579043,-70.4968152,273,0
9c7104c1-501a-3b4e-9458-17b2e1d57f06,542185c1-943a-30f4-aba0-0efaa92488a4,Wilbur107 Rau926,M,GENERAL PRACTICE,142 LAKE ST,ARLINGTON,MA,024764738,42.40328885,-71.15140830652837,85,0
960736a9-7059-3b8a-a638-d3a29342f2d1,de32e6d9-848e-35d4-a217-e62eb5e0bc7b,Elise948 Abbott774,F,GENERAL PRACTICE,77 HIGH ST,NEWBURYPORT,MA,019503071,42.8055312,-70.87001791778893,2,0
e14d7a94-062f-3c97-a622-a24fdfc0fce3,0319f6d9-60a3-36ac-9f26-b782d7997b1c,Maybell872 Quitzon246,F,GENERAL PRACTICE,22 MILL ST,ARLINGTON,MA,024764738,42.4177455,-71.1579688,64,0
ca8d3d38-3490-3f79-bd25-47bb623a7fd5,a2cc09de-c1e2-3126-8c09-d49f95225281,Cristi782 Leannon79,F,GENERAL PRACTICE,300 LONGWOOD AVE,WALTHAM,MA,024532741,42.3756401,-71.2358004,40,0
9a2bd9c2-34d3-37ce-936c-6a83d07afe56,9f2f60a6-87a4-3f45-b753-b63b5b7e9993,Maricruz991 Considine820,F,GENERAL PRACTICE,332 HANOVER STREET,BOSTON,MA,021131901,42.3647421,-71.0536619,27,0
f33881e3-91e0-3c0c-a52d-24bd12abcd5f,1de1aeee-4088-391b-af7a-95d7cfaeaf32,Jerrod232 Denesik803,M,GENERAL PRACTICE,57 PROSPECT ST,NANTUCKET,MA,025542799,41.27514065,-70.10108985970798,212,0
92e0d2cf-7a5f-32d0-a8cf-a799cf5c9d57,0519b293-2e92-3eb3-aeef-233da0babc93,Juan88 Friesen796,M,GENERAL PRACTICE,40 PARKHURST ROAD,CHELMSFORD,MA,018241511,42.6198215,-71.36189212971482,2,0
7e614cad-4f5d-329d-be97-b9890a98dbba,ce1dbb93-6876-383b-ab64-66af8f139db7,Valeria950 Gerlach374,F,GENERAL PRACTICE,599 CANAL ST,LAWRENCE,MA,018401267,42.70354794949495,-71.1661647979798,28,0
73d82325-b978-385d-8bec-63329ebf0a18,ce4d0501-49eb-396a-bc56-545fdfc624b0,Bea654 Daniel959,F,GENERAL PRACTICE,1 HOSPITAL RD,OAK BLUFFS,MA,025571406,41.46063105,-70.57989080295974,250,0
78ac5626-2fbd-3c18-8aad-a5dc88410845,1ef8d603-bec1-35f5-a830-2a0b919cf47f,Thresa531 Kutch271,F,GENERAL PRACTICE,1801 TURNPIKE STREET,NORTH ANDOVER,MA,018456322,42.6355548,-71.0761760490546,17,0
ecdd8a5d-bfe6-353a-81aa-dc6b722447d3,be9a14c1-72a6-3186-b199-fdb070768458,Tanner110 Roob72,M,GENERAL PRACTICE,18 FRANCES ST,WOBURN,MA,018013006,42.488288600000004,-71.15015700746171,1,0
c50a52a4-3dae-3a16-b582-d71bcface59a,06cc2462-430f-3322-9c87-7e971125f510,Bryon392 Mann644,M,GENERAL PRACTICE,133 OLD ROAD TO 9 ACRE COR,WESTFORD,MA,018863198,42.5792583,-71.4378411,28,0
38ee1ce3-e6bd-3966-9d11-8ee08dfb8234,0c6e2aac-bd59-351f-a144-b2a6855c50f8,Jamila16 Conroy74,F,GENERAL PRACTICE,319 CONCORD ROAD,WESTON,MA,024931310,42.3828732,-71.3206139,2,0
ca1bea8c-8940-38c7-8887-d62b0a0947df,dd456e39-9f82-303b-9c3f-5db0e82a437e,Victor265 Conn188,F,GENERAL PRACTICE,26 QUEEN ST,WORCESTER,MA,016102473,42.25930925,-71.81494729825698,56,0
3a3699d9-d609-3b70-b50f-bb4ed35fa429,ee7fab6f-6438-394f-b1f2-3e452f8f055a,Felipe97 Calderón210,M,GENERAL PRACTICE,75 BRIMBAL AVENUE,BEVERLY,MA,019156009,42.570099299999995,-70.87108224250409,5,0
87f846de-1f32-3590-88cf-15c75cc3c5b2,79508e39-d0b0-3613-9d54-168f6e1c3a18,Antonette454 Tromp100,F,GENERAL PRACTICE,200 GROTON ROAD,GROTON,MA,014502056,42.577352149999996,-71.57414587343038,65,0
d336a43a-bd7e-34e0-b493-28cd5d1b6aa2,e52b37d6-60d6-354d-90f9-6e9f9eb1d209,Ryan260 Kshlerin58,F,GENERAL PRACTICE,289 ELM ST,EVERETT,MA,021495228,42.4152341,-71.0348323,2,0
f21a39ff-25f2-3b2c-98e9-2bb40f21a3af,907b1d2f-2bf8-31b5-abc2-14d6b75faa96,Lizeth852 Ernser583,F,GENERAL PRACTICE,340 MAPLE ST,MARLBOROUGH,MA,017523200,42.3358161,-71.54106510218209,46,0
ee4e4c90-a2ec-3956-8aa6-6d6ebfade135,1ce0d1a3-b507-3ad1-afc5-b25bfe48b8dc,Dovie983 Welch179,F,GENERAL PRACTICE,10 PEARL STREET,STOUGHTON,MA,020722364,42.125716800000006,-71.1025481568314,15,0
abd37854-68f3-3133-adac-4a62c09df43a,880fad59-9c38-3a21-a39f-ccc801502ab3,Halina47 Pollich983,F,GENERAL PRACTICE,799 CONCORD AVENUE,CAMBRIDGE,MA,021381048,42.390849395521705,-71.1556550001627,76,0
798f7247-d3c6-3eed-b8ab-25c524affb21,352f2e3b-0708-3eb4-9f7e-e73a685bf379,Gregg522 Willms744,M,GENERAL PRACTICE,157 UNION ST,SOUTHBOROUGH,MA,017721215,42.3056501,-71.5245087,112,0
06d518a4-75f9-3775-b83e-cbf27daae36a,a2d45ee8-b930-3169-b612-f602961ad212,Valentine262 Leannon79,M,GENERAL PRACTICE,37 MINUTEMAN WAY,SHREWSBURY,MA,015452229,42.288207,-71.73443816915585,29,0
ed1de9a5-1f6c-3807-b14f-91aafaea1d55,4887dc20-9ef6-3cc2-9c56-858388049a50,Renato359 Kertzmann286,M,GENERAL PRACTICE,168 WEST CENTRAL STREET,NATICK,MA,017604122,42.282113100000004,-71.37898579435048,4,0
3fc83772-706d-389c-aae2-7b58ff78185c,10ffe7b1-2f94-3f12-9288-679da05a1ec9,Brendan864 Hintz995,M,GENERAL PRACTICE,133 LITTLETON RD,WESTFORD,MA,01886,42.57056335,-71.41736646422413,27,0
60b6ebe3-c9d3-3e99-b3cf-adcc809e2359,a73a3693-57ac-367e-b29e-f0f834cbaf66,Drew592 Simonis280,M,GENERAL PRACTICE,10 CORDAGE PARK CIR,PLYMOUTH,MA,023607318,41.9788991,-70.6879608,45,0
21ad0fbb-b1f4-3acc-b274-ebb7762e4c67,d0894f6b-78d7-338d-82ad-b63de4d40014,Dewayne363 Lemke654,M,GENERAL PRACTICE,330 MOUNT AUBURN STREET,WALTHAM,MA,02452,42.3756401,-71.2358004,6,0
0b23b19c-79b4-3941-a679-e52a64ea0ddf,310d02fb-ba0c-3b5a-9ab3-8d7bb8e7b661,Felica690 Farrell962,F,GENERAL PRACTICE,709 WASHINGTON STREET,CANTON,MA,02021,42.1561851,-71.1452049,16,0
d275d00a-2daf-33c9-bf84-d23c296bd272,3d5fbf38-c781-3e04-8c7e-5a402611b7d4,Enriqueta274 Barton704,F,GENERAL PRACTICE,260 ELM ST,SOMERVILLE,MA,021442951,42.3955992,-71.1227391,59,0
fd720925-f923-3517-abc2-28049ea37324,f202fe9c-c1dd-30d5-805e-6a26904dbbce,Christy428 Fahey393,F,GENERAL PRACTICE,256 GEORGETOWN RD,BOXFORD,MA,019211642,42.697599999999994,-70.98887494259449,187,0
1776b5e2-2f25-39d0-bc37-678a687055b9,7ac466c6-7968-33fd-882c-6d5418f88c8a,Alvin56 Hayes766,M,GENERAL PRACTICE,2 MEETING HOUSE RD,CHELMSFORD,MA,018242700,42.60140085,-71.35097894451894,31,0
e771e20d-0582-3f57-9463-fe30d1618600,2f67494e-f17e-3248-ba68-3ca42913cca1,Majorie11 Bergstrom287,F,GENERAL PRACTICE,184 MAIN STREET,FAIRHAVEN,MA,027193259,41.646106,-70.90865208079187,18,0
3169b71a-aa09-3f9e-8ca4-a592bb52e8aa,52efa2e5-007f-3396-a83a-28ca015f0595,Ranee391 Turner526,F,GENERAL PRACTICE,20 N PARK AVE STE 2200A,PLYMOUTH,MA,023604090,41.960434631488596,-70.67007876763536,4,0
cac58522-03ac-3e0c-a07e-c739c9bddba4,eb7b9a53-ce15-3de6-85b9-4aa4e3f26bac,Sonny285 Witting912,M,GENERAL PRACTICE,194 BOARDMAN ST,HAVERHILL,MA,018306405,42.77171213955692,-71.05879730251671,1,0
b87b3b0b-f390-3fad-a4af-0902b71aae0d,fd938c9f-a355-3ec7-96f8-516240ea1ba2,Germán350 Serrano248,M,GENERAL PRACTICE,529 MAIN ST STE 126,PLYMOUTH,MA,023604842,41.7664657,-70.7266525,2,0
d72a5448-4cd3-3e41-aae7-7e057ba7fab4,edd58f69-ad5f-346b-b1f9-530ccdc895f6,Shawn523 Padberg411,F,GENERAL PRACTICE,52 CARPENTER ST,ATTLEBORO,MA,027032472,41.9369576,-71.27996091755344,52,0
cf6f7478-6f45-3f58-b918-9959cfccdd1b,0334ad53-5d57-384e-a411-63b075139c06,Stephen891 Stamm704,F,GENERAL PRACTICE,66 CENTRAL STREET,EAST BRIDGEWATER,MA,023331913,42.03160525,-70.9572577506426,1,0
0331dd68-fa66-3920-ab15-e714407ce0e2,b3f4de6b-901d-3856-ba81-35dc48a63d17,Jeana169 Cronin387,F,GENERAL PRACTICE,451 ANDOVER ST STE 205,NORTH ANDOVER,MA,018455079,42.6734518,-71.1268776,88,0
a454afb4-0a8d-33ce-b43e-e382c7410ea4,8ce066ae-10ad-3679-9272-387e8cb21947,Bettye671 Tromp100,F,GENERAL PRACTICE,3 CHERRY ST,NEWBURYPORT,MA,019503928,42.80038345,-70.87664535540449,45,0
53970658-e59e-36ac-8e02-1f1a542bf18e,936ceb96-2b12-371f-aa68-ee02a9c06f4c,Alan320 Keeling57,M,GENERAL PRACTICE,225 BOSTON ST,LYNN,MA,019043124,42.470497449999996,-70.96003668151566,153,0
89989179-114f-372c-afda-1a7d89117d4b,a855314b-4fb5-37fc-8015-5caa96c928b1,Erica194 Kiehn525,F,GENERAL PRACTICE,759 CHESTNUT ST,SPRINGFIELD,MA,011991001,42.121522049999996,-72.60300615153007,182,0
9da3e744-84f6-3fc7-8067-2aa3daece17a,48a6d3ab-50ef-349e-8945-2558a78f378e,Mercy752 Kuhlman484,F,GENERAL PRACTICE,795 MIDDLE ST,SWANSEA,MA,027774114,41.730919,-71.208117,17,0
a200ce93-6a90-31b1-9f65-4c061b547fc6,d3fe08e0-6fdc-36bc-8f88-c8b7654cdcd8,Eustolia154 Paucek755,F,GENERAL PRACTICE,545 SW CUTOFF STE 9,WORCESTER,MA,016071766,42.211685200000005,-71.7968399931798,2,0
f749a111-4f71-360b-832e-f1d12eaef1e9,335fe080-43f9-3219-84bd-031c4fcfe9d5,Claud279 Hilll811,M,GENERAL PRACTICE,146 PARK AVE,ARLINGTON,MA,024765829,42.421350950000004,-71.18224816367342,4,0
c658bb64-7a14-3b64-b51d-77b9428b531e,7b7ce654-a413-37d1-9d34-97240c0ac580,Landon622 Kihn564,M,GENERAL PRACTICE,1 WRENTHAM ST,BELLINGHAM,MA,020192532,42.025037350000005,-71.48945118224057,12,0
566c491b-7099-3731-b944-3c86340efd76,7b20d1c4-c56b-3647-801c-5e4e13679073,Riley817 Prohaska837,M,GENERAL PRACTICE,275 SANDWICH ST,PLYMOUTH,MA,023602183,41.94186605,-70.6455366462985,12,0
06ac1e46-2c9a-33b8-8f35-e2928fc5bb8d,3e97ce4f-3ad7-3cea-883f-e2bb4ca89d83,Dan465 Swift555,F,GENERAL PRACTICE,30 NEW CROSSING RD,READING,MA,018673270,42.51809619399502,-71.0959083715027,2,0
6f0d17b4-c6f0-398c-baa3-a2b1b80c2d87,c60fc3df-9dbd-3f31-a456-41c84490266f,Lavonna163 Johnson679,F,GENERAL PRACTICE,146 MAC ARTHUR BOULEVARD,BOURNE,MA,025323902,41.7412166,-70.5989196,20,0
217e5f97-0c41-33d5-b7fc-60c49b68f918,c0132cf6-1703-3aad-89b4-cc2f2bbc123e,Lovie151 Schoen8,F,GENERAL PRACTICE,66 NEWTON STREET,WALTHAM,MA,024536058,42.3746705,-71.22789736306842,1,0
158bb0c4-b4ba-3b1d-bd1f-d9f626715d69,6d6ef57e-b2ce-3a69-bacf-4305c51834b0,Frankie174 Skiles927,M,GENERAL PRACTICE,186 HIGHLAND AVE,SOMERVILLE,MA,021431507,42.38845955,-71.10666839512322,1,0
579438a7-e024-38c6-93e0-b2afabfc7f0a,79d49935-bcc0-36ca-920b-45365c367438,Sherita708 Hudson301,F,GENERAL PRACTICE,409 W BROADWAY,SOUTH BOSTON,MA,021272245,42.336831,-71.047958,48,0
c6ae5ebd-127a-324f-be10-13d5fcebac3e,666c3e81-2ec6-3bff-9dcc-a704edd86960,Ivan258 McClure239,M,GENERAL PRACTICE,770 CONVERSE STREET,LONGMEADOW,MA,011061719,42.0639853,-72.5521444,9,0
844cfb17-0d4d-36ef-883c-298b5a58b3be,cdc87240-38e9-36f8-959b-706642e01e11,Vicente970 Armstrong51,M,GENERAL PRACTICE,243 CHARLES ST,STONEHAM,MA,021803559,42.4814675,-71.0924311,211,0
2c39411d-f8cc-3925-ac47-027a91fbdd57,2836d9ac-c6a6-39d1-8f13-fdf0fc8928f4,Alysha630 Koch169,F,GENERAL PRACTICE,365 EAST ST,TEWKSBURY,MA,018761950,42.6069472,-71.2180803,162,0
03f024b2-43dd-3714-b234-edf7bf75b77d,b5e6f1bd-c744-3556-9775-5ff8399eea33,Whitney250 Wiza601,M,GENERAL PRACTICE,2284 MAIN ST,CONCORD,MA,017423829,42.44300895,-71.42458458423982,27,0
9ae810c3-bcd9-3e78-9d98-7c96d4f8985d,7c625dc4-2593-31eb-95fd-6a912832b8bb,Imogene688 Braun514,F,GENERAL PRACTICE,980 WASHINGTON STREET  SUITE 124,DEDHAM,MA,020266704,42.228918,-71.18501264023513,2,0
0e2854af-2cf1-38d2-b31b-0631646be3c9,04b252db-4231-3cb5-963d-6f096fb4b97c,Horace32 Grady603,M,GENERAL PRACTICE,1177 PROVIDENCE HIGHWAY,NORWOOD,MA,020625019,42.194543,-71.1994976,1,0
7d2c0dfc-9087-3190-a665-5d2373d61002,e2eab39c-5195-34aa-b35f-e89e37cfed01,January966 Roberts511,F,GENERAL PRACTICE,55 FOGG ROAD,WEYMOUTH,MA,021893141,42.175539799999996,-70.9539153674405,73,0
09086427-5b2f-3ad6-8a7f-35575361150e,1de7e7d9-9a7a-3a3f-bf4c-b4de450711f2,Clemente531 Quintana711,M,GENERAL PRACTICE,198 LITTLETON RD,WESTFORD,MA,018863429,42.564282,-71.42620615382347,2,0
528a2bd3-1225-375f-b34b-911f2cfa1b47,497f39dd-280e-3d58-af5b-c5e3a3a09b10,Arden380 Bergstrom287,M,GENERAL PRACTICE,27 PARK ST,HYANNIS,MA,026015230,41.65363635,-70.27352219234834,296,0
069609ae-d320-35ca-87f2-dd9f8900f242,5608c6ae-1f1d-368e-8172-aea4d9d2aefd,Jonathan639 Sporer811,M,GENERAL PRACTICE,12 KENT WAY STE 210,BYFIELD,MA,019221221,42.75468625,-70.9451078257969,6,0
f952488d-8cf0-3e1f-9cea-191869947e54,0d7fd824-1c7b-3f8b-a662-f6c2005e82e1,Anita473 Llamas954,F,GENERAL PRACTICE,88 MASONIC HOME ROAD,CHARLTON,MA,015071394,42.1389039,-71.9782681,4,0
9e0aed9b-cd00-3716-b237-636ec570c574,accb8cdd-6560-3fef-b0a6-f12c3295026a,Gerardo48 Bergstrom287,M,GENERAL PRACTICE,969 PARK STREET,ATTLEBORO,MA,027035115,41.9266899,-71.2611303145582,3,0
8845c00a-3859-3a8f-a6a6-93861706e697,792f1ce2-3420-3f91-bd8c-ce680ef4c5d2,Ervin886 Leannon79,M,GENERAL PRACTICE,309 DRIFTWAY,SCITUATE,MA,020661905,42.1766448,-70.74318482072749,1,0
1e1cb03e-294e-359e-889f-2370f3d95f02,83445caa-116b-3a1e-a75e-8104d321c4c3,Peter292 Crona259,M,GENERAL PRACTICE,315 MAIN ST STE 101,NORTH READING,MA,018641326,42.596733799999996,-71.11988300141903,48,0
e4d96be3-46ab-3b9f-a29d-9ccef7f1eaf3,390a2aa4-70b4-3a64-a12f-9bd777834c8d,Hunter736 Howe413,M,GENERAL PRACTICE,710 MAIN STREET,HARWICH PORT,MA,026461931,41.669654699920855,-70.06169919459835,51,0
e8585176-01bd-3849-88b8-02c98535073a,18a96051-91f4-3cba-af96-056ea14dfee0,Silva841 Grimes165,F,GENERAL PRACTICE,25 HIGHLAND AVENUE,NEWBURYPORT,MA,019503872,42.81369325,-70.89091645747592,21,0
72ba3840-7d7b-31a8-8508-634568a82370,41e2a44c-477c-3511-96f9-12c476aa3b6a,Antwan357 Lindgren255,M,GENERAL PRACTICE,85 E NEWTON ST,BOSTON,MA,021183553,42.336277100000004,-71.07085295687423,1,0
d2d3eed8-92e0-3ed1-8682-55c29a212df1,f00601d0-d49e-30ed-bc3e-314379f2103e,Eduardo902 Irizarry542,M,GENERAL PRACTICE,490 MAIN ST,MELROSE,MA,021763841,42.4550741,-71.0654799,25,0
34889acf-e9de-3a58-89c8-2d15826d7217,97a14f8a-1b8c-3b40-b5bd-f44f1440c1ba,Vincent299 Bergnaum523,M,GENERAL PRACTICE,23 WHITES PATH,W YARMOUTH,MA,026733200,41.6501114,-70.2411312,48,0
596811b8-b9a1-3670-bd4d-dbaf0eec5b3e,08a245b0-5f91-323e-a467-5df39c62fb75,Ray930 Lueilwitz711,M,GENERAL PRACTICE,39 QUEEN ST,WORCESTER,MA,016102433,42.2576289,-71.81397814307789,5,0
eaab8ea5-9167-3d6c-b8ea-1163a73f9db8,4956f573-3dc2-3a67-9692-2f57451744e6,Kathe603 Davis923,F,GENERAL PRACTICE,400 BOLTON STREET,MARLBOROUGH,MA,017523912,42.35966285,-71.55290125539051,10,0
3fd88204-d4c5-3bd7-92d6-690d602905e5,b44955d1-f0e2-3beb-a013-708a81dbe430,Idella49 Runte676,F,GENERAL PRACTICE,680 CENTRE ST,WEST BRIDGEWATER,MA,023791600,42.0219112,-71.019004,29,0
ccc1a76d-3460-3247-b3dd-ad389aacb15c,363631be-d437-3548-98c2-d10b909c1721,Monty345 Ferry570,M,GENERAL PRACTICE,50 MANSION DRIVE,ROWLEY,MA,019691026,42.73718535100735,-70.88053187301136,3,0
fddcd8b7-868b-3236-bf62-0c99e8fbc18b,c1986c0c-f756-3596-8f90-08adacf220fe,Cristy798 Auer97,F,GENERAL PRACTICE,73 CHESTNUT STREET,SAUGUS,MA,019061605,42.4573919,-70.9918055,10,0
9b84dfd6-cbab-39b3-b1cf-6e78cbea6738,0d9b0d22-585e-3fd8-ab02-26b5be7915d1,Duane703 Koelpin146,M,GENERAL PRACTICE,516 CAREW ST,SPRINGFIELD,MA,011042330,42.12133575,-72.59217953646302,103,0
0776ad34-826e-30c5-9dce-f2980d34f294,1853aeef-5897-326a-80d6-aa4b0459eb6d,Jewel43 Kassulke119,M,GENERAL PRACTICE,381 WICKENDEN ST,ATTLEBORO,MA,027032247,41.9438129,-71.2806515,9,0
c60af40b-0da5-3d3e-b6c4-5bfed2e86df9,f3030ee3-dfa5-3595-b684-9769e52a580a,Etsuko685 Torp761,F,GENERAL PRACTICE,88 MASONIC HOME ROAD  DAVENPORT BLDG  2ND FL,WEST SPRINGFIELD,MA,010891357,42.105237,-72.6213712,7,0
ac88d16a-64ce-3e12-8549-ad70f2016b29,01bb7b5c-f850-3c4e-a3f1-442d8273559a,Dennis979 Effertz744,F,GENERAL PRACTICE,395 PLEASANT ST,NORTHAMPTON,MA,010603914,42.3150543,-72.62555561349089,28,0
68ccc045-e150-383e-b8ba-a2adc91934f5,22fa6d28-92b6-3446-a388-f5aba50debaf,Clarence5 Robel940,F,GENERAL PRACTICE,123 CAPTAIN'S ROW,CHELSEA,MA,021504019,42.3917638,-71.0328284,9,0
0542937d-c7a2-32d2-8e87-dac37972ce4d,8a87ef73-eaa2-340a-bec5-c3cef01ef836,Kristle148 Rodriguez71,F,GENERAL PRACTICE,3 PARK DR,WESTFORD,MA,018863511,42.556814700000004,-71.43463308318695,1,0
b93731e1-0162-366a-ad74-979bed53f596,2ca615f3-87f7-3283-a447-d919a883b676,Isaias604 Dickinson688,M,GENERAL PRACTICE,1399 WASHINGTON ST,HANOVER,MA,023391653,42.1441354,-70.8440854,4,0
e243c182-9e5d-35ca-b86c-b0b3eb60b247,0583e4f7-f1c2-3100-8e0c-d0decc7ef261,Dusti191 Howe413,F,GENERAL PRACTICE,123 WATERHOUSE ROAD,BOURNE,MA,025323890,41.72840155,-70.58506829999999,61,0
acf39216-6e29-32e5-8fa9-162807cc32ab,689f8809-c101-38db-b3c9-580b4c37f268,Shonta375 Bins636,F,GENERAL PRACTICE,364 STATE RD,VINEYARD HAVEN,MA,025685624,41.44720825,-70.61474940346154,34,0
d944ed2a-9303-3ab6-bcf2-67fbd7d972e6,7f32dd7d-5c35-3ddb-839b-8fbbb930d412,Luna60 Littel644,F,GENERAL PRACTICE,863 CENTRAL STREET,FRAMINGHAM,MA,017014813,42.30758060362541,-71.42846215724606,10,0
69bad9bf-5118-3960-9f9e-9e3e6dbd5d1d,80646050-1c76-3046-bbc8-fd5f0b7c34e6,Raleigh478 Hauck852,M,GENERAL PRACTICE,140 ARNHOW FARM ROAD,FITCHBURG,MA,014201369,42.5903661,-71.8119837,37,0
abfe6918-e49b-3d96-aa23-6f53e4c59500,8dfd8248-d6cc-3d0d-abfe-b3ac8d91ab70,Trisha327 Swaniawski813,F,GENERAL PRACTICE,34 PEARLY LN,GARDNER,MA,014401736,42.59408525,-71.96218719634496,28,0
b97b118e-54f6-3b07-b0a8-a44d34e13590,bb867d36-0c8d-33b4-b19c-a8c026655b6c,Lahoma872 Macejkovic424,F,GENERAL PRACTICE,200 KENDALL ST,SPRINGFIELD,MA,011042532,42.12161175,-72.57784860231564,1,0
8af27c39-b659-33be-865d-a86025f237fb,3f12ebb4-e03c-3453-88d2-4fc9682383df,Irina619 Stiedemann542,F,GENERAL PRACTICE,726 COUNTY ST,NORTH DARTMOUTH,MA,027473603,41.6389926,-70.9703171,67,0
ff394c9c-2b69-3114-b09b-014905995d58,8af3b144-0e1a-3c90-937d-81a4ed026080,Guillermo498 Fay398,M,GENERAL PRACTICE,800 WASHINGTON STREET,NORWOOD,MA,020623489,42.1886973,-71.2005241,3,0
0272a0f6-06bc-3305-91a7-5979faeb7f20,9fdce5d5-d4d0-3156-a8d5-8757bfe4e9b3,Pamelia915 Kilback373,F,GENERAL PRACTICE,1 FARMER CIR,ARLINGTON,MA,024742866,42.42405225,-71.16792616556859,102,0
ffbfebdb-7c53-3265-9d6c-6702907772fc,b3b56527-d366-3353-bca9-266a12f23051,Obdulia648 Schroeder447,F,GENERAL PRACTICE,60 QUAKER HIGHWAY,UXBRIDGE,MA,015691628,42.06100105,-71.62352848737622,18,0
9e85315a-158e-316f-8472-bea45ec85105,125eccb3-d003-34ea-9bd8-360dff059782,Débora815 Bonilla161,F,GENERAL PRACTICE,125 PARKER HILL AVENUE,DEDHAM,MA,020266146,42.2489143,-71.1755732,8,0
c76b8ab9-d4d6-32ea-8421-71b253cfd660,fc90e623-9edb-30a7-9040-29968f8ebaa8,Kori635 Stiedemann542,F,GENERAL PRACTICE,271 CAREW ST,SPRINGFIELD,MA,011042377,42.11597825,-72.59301656598424,43,0
1de99952-e37a-3ffb-b9cc-187cf5bb5345,b242f971-3c74-3778-b148-81366c1e6a3f,Jaquelyn689 Bernier607,F,GENERAL PRACTICE,10 CAREMATRIX DR,DEDHAM,MA,020266149,42.2270762,-71.17237295563174,44,0
8d8cea2b-9494-39ac-99b5-181882d0ddf5,b93ffa11-ffab-3fe0-8c28-657817801192,Flor713 Berge125,F,GENERAL PRACTICE,9 MAPLE ST,WILBRAHAM,MA,010951730,42.150018599999996,-72.42537320933242,1,0
b89bc04b-9532-3674-be0f-afe927b18155,e92dad8b-f485-315a-8fc4-1d7adfdc9c00,Laurena366 Anderson154,F,GENERAL PRACTICE,581 FAUNCE CORNER RD,DARTMOUTH,MA,027471242,41.676111381167445,-70.98788528176077,9,0
9205c3f2-b392-3252-805c-b9e2f86a9a4d,6929d249-cc27-33aa-a871-b6f26059615d,Deon400 Fritsch593,M,GENERAL PRACTICE,ONE HOSPITAL ROAD  FIRST FL  WING 5   PO BOX 1477,OAK BLUFFS,MA,025571406,41.4538523,-70.5684713,6,0
6a820407-6995-3c2e-9c2f-d9bb92dfa71b,aad05540-c9cb-3805-b3c4-f9b9d9b42b2e,Quentin28 Fritsch593,M,GENERAL PRACTICE,821 E MAIN ST STE 3,CHICOPEE,MA,010206306,42.155774795300516,-72.55672263289513,56,0
c6e299d7-11d1-3cc6-a089-507251d31087,1aa9084e-2b86-3d6e-93ab-dbe6d4dda601,Jani266 Schultz619,F,GENERAL PRACTICE,100 OLD BILLERICA RD,BEDFORD,MA,017301267,42.499905749999996,-71.25668964877971,1,0
8836f5b9-f02c-3f57-b709-40f78374524c,2987ddf5-7ff2-3e4a-9e25-d654a10313fd,Ted955 O'Connell601,M,GENERAL PRACTICE,519 MAIN STREET,MEDFIELD,MA,020522522,42.186209649999995,-71.30745495273302,4,0
4b104de8-eddd-3df9-a649-29e0e3592ce1,eea92149-820f-301f-911e-b170e8312842,Marcy588 Hamill307,F,GENERAL PRACTICE,123 SUMMER STREET,WORCESTER,MA,016102177,42.26496835,-71.79655403681465,71,0
3d99361e-bc4a-3588-9076-40a2597724c8,19a3afba-b409-3650-a0ab-f3faf6e391ef,Patrina117 Strosin214,F,GENERAL PRACTICE,199 REEDSDALE RD,WALTHAM,MA,024511433,42.3756401,-71.2358004,33,0
bbd0c084-9aa4-305b-9030-7ab26517bf60,76b7dbb5-0a02-32a4-9a01-3511f7e45016,Emerita401 Satterfield305,F,GENERAL PRACTICE,59 COUNTRY WAY,SCITUATE,MA,020663746,42.1806871,-70.74862935148246,15,0
c38949b3-ee44-36c6-93d4-e7df1ad1956a,e68de1a0-767e-3466-b9a6-43948ee073d3,Simone657 Ratke343,F,GENERAL PRACTICE,160 WELLS AVENUE,NEWTON,MA,024593302,42.29337605,-71.19806353028767,1,0
7da4bc86-fe25-39bb-b3f0-6096cfe5ad2d,2fb77691-5353-358a-bc94-90af77dd654b,Sasha806 D'Amore443,F,GENERAL PRACTICE,200 GROTON RD,AYER,MA,014321168,42.577352149999996,-71.57414587343038,116,0
9ad10c6d-f65c-3172-93af-7332740b946c,f002fb4c-544a-3139-b3f1-439864d5474a,Merlin721 Cruickshank494,M,GENERAL PRACTICE,266 LINCOLN AVE,SAUGUS,MA,019063037,42.44952884999999,-70.99452689295308,2,0
54d03f89-41ac-399d-93df-1dcb01ae38b1,ec7e487e-7e78-3eac-a9ee-37f8de98a0f9,Sid118 Hammes673,M,GENERAL PRACTICE,277 WASHINGTON STREET,ABINGTON,MA,023512489,42.10060947239023,-70.94967338146704,4,0
3282bc7f-0282-3118-a021-582eda20c40a,55809329-c479-30a9-824e-4768d46c0244,Shanon591 Fadel536,F,GENERAL PRACTICE,280 MERRIMACK ST STE 103,LAWRENCE,MA,018431780,42.70271530167854,-71.14888290326759,76,0
d918a529-5854-3eac-ae85-b2728ae0f8a6,a5577e5c-b886-37a0-8eee-8ff6feb7ea6b,Synthia172 Keebler762,F,GENERAL PRACTICE,330 MOUNT AUBURN ST,CAMBRIDGE,MA,021385502,42.3741033,-71.13417575971958,281,0
c014c82a-4a9d-3beb-b770-535309ad219d,20df65a4-7567-3066-b680-0f71b0c31d38,Rayford811 Bashirian201,M,GENERAL PRACTICE,242 GREEN ST,GARDNER,MA,014401336,42.58685735,-71.98748072431209,867,0
95d2f111-a465-3898-a4b3-f34219b11622,5581e43d-0463-3a0b-afc7-a60aea5ac96c,Brock407 VonRueden376,M,GENERAL PRACTICE,57 RIVER RD,ANDOVER,MA,018101144,42.69112645,-71.19636086287642,104,0
583fa4f1-cd1b-3f03-a13d-6eb2a90c9cac,7dcab1ad-0e13-3700-9eb0-70767c5e2b55,Tomás404 Saucedo620,M,GENERAL PRACTICE,1515 ALLEN ST,SPRINGFIELD,MA,011181803,42.095299499999996,-72.50943136142334,1,0
9444a868-aa45-337e-82bf-559198024071,ce9c1582-994d-32bf-835c-474a249d2804,Maude482 Veum823,F,GENERAL PRACTICE,275 MARTINE STREET  SUITE 104,FALL RIVER,MA,027231500,41.68393816525316,-71.1220830626733,8,0
400eead9-332f-3b23-9923-0ae22ea76da5,6ea4d3d6-d820-387a-a3d1-ed5944ad47a2,Nicolasa738 Larkin917,F,GENERAL PRACTICE,232 PLEASANT ST,METHUEN,MA,018447152,42.7397562,-71.17113575205717,100,0
b4692ed6-e97f-3ca6-a5b6-19f8955171cd,4eddfa13-f996-3048-9bbc-541b0a29038a,Annelle169 Schmidt332,F,GENERAL PRACTICE,736 CAMBRIDGE ST,BRIGHTON,MA,021353601,42.348649949999995,-71.14799584850206,103,0
a9f04e38-1601-3046-9b64-1e52cfe7cba2,845fbd9b-2d1c-39a8-8261-28ae40e4fab2,Sam879 Rippin620,F,GENERAL PRACTICE,14 PROSPECT STREET,UPTON,MA,015681431,42.1700209025178,-71.59409308099494,262,0
75a8d46e-ae1f-35c6-99f7-9926f4276694,bac9dc0c-cb0f-3fa6-aa12-819dd0fb922a,Nicholas495 Greenfelder433,M,GENERAL PRACTICE,1493 CAMBRIDGE ST,SOMERVILLE,MA,021452935,42.3875968,-71.0994968,8,0
bf6d7015-0efd-371d-8c0f-66b7dc606be7,9ce6072b-d039-3cde-8eaf-950211b8ae88,Terrie907 Ratke343,F,GENERAL PRACTICE,147 S MAIN ST,MIDDLETON,MA,019492446,42.585787222720036,-71.00861442427218,269,0
3c6012df-df6c-3460-abbc-8b9149654c9e,af8566eb-8918-3ec7-ba44-92b6a2cf8097,Madelaine318 Walker122,F,GENERAL PRACTICE,81 HIGHLAND AVE,SALEM,MA,019702714,42.5112107,-70.90516241826194,23,0
cd580fe5-9cbe-381b-ada7-7380da050bf2,d4a03501-69f6-3a89-ac27-ed25976fdb6f,Clarence5 Hyatt152,M,GENERAL PRACTICE,25 WOODLAND ROAD,STONEHAM,MA,021801705,42.450448800000004,-71.09076944938434,8,0
86823966-1faa-36ab-bb0c-e2bd5e740c25,ecd3b321-0a8a-3ce6-81f0-982dd77fce43,Tracie996 Lesch175,F,GENERAL PRACTICE,25 HIGHLAND AVE,NEWBURYPORT,MA,019503867,42.81369325,-70.89091645747592,498,0
50ea63b4-6724-31f5-8479-e7f73c321438,058176fd-cbb0-328b-8411-c19f5045032d,Dion244 Sanford861,M,GENERAL PRACTICE,840 EMERSON GARDENS ROAD,LEXINGTON,MA,02420,42.43761961817366,-71.19888753880475,4,0
6d5685e3-897f-3e1e-91a0-f8ab98dbf193,4f5e8f16-a31b-3071-8556-d7188ede313d,Barrett790 Wolf938,M,GENERAL PRACTICE,575 BEECH ST,HOLYOKE,MA,010402223,42.20105435,-72.628169560868,140,0
9e222e31-be90-32cd-9400-8eba05932ce8,218e58e4-9642-3ebd-9b39-34d15f22c620,Jamie386 Lowe577,M,GENERAL PRACTICE,977 MAIN ST,WALTHAM,MA,024517406,42.376452150000006,-71.25063779999999,31,0
5e7e838d-b62b-360a-a45e-186041c556af,9a20d707-68e4-32c0-b2b2-2f5d5c2012cd,Caridad510 Batista148,F,GENERAL PRACTICE,131 CAMBRIDGE ST STE 1,BURLINGTON,MA,018033711,42.50284395,-71.19574553661971,31,0
5463fca8-5b9f-3dec-928c-a7edface8976,a25107f7-f4f5-36fc-98e4-f3e1b5875c91,Tracy345 Wilderman619,M,GENERAL PRACTICE,1285 BEACON ST,WOBURN,MA,018012157,42.4979478,-71.1684508,7,0
a990b45d-2585-35e6-a231-df12650b4dc9,3695125c-c052-3ece-898a-2a6448987ae5,Rosanna866 DuBuque211,F,GENERAL PRACTICE,2040 BOSTON RD STE 5,WILBRAHAM,MA,010951380,42.150295650000004,-72.47288272264812,5,0
c75378f6-db08-356a-ad8b-c80aa687e2c4,ed43f171-1ac1-3f08-aef5-0f62c515cf4d,Shelli447 Schowalter414,F,GENERAL PRACTICE,184 TER HEUN DR,FALMOUTH,MA,025403160,41.56534135,-70.62534898297048,1,0
988a5ff0-13fb-3811-82cf-6168cd67f450,bdd9ad72-443a-3563-a626-4c45f6d058b2,Angele108 Bogan287,F,GENERAL PRACTICE,147 PELHAM STREET,WORCESTER,MA,016072105,42.265209,-71.814005,10,0
9f9c7c3c-608a-3e3d-b93a-90c695616d85,05fcf001-ab24-3d7d-85f7-f64942d82738,Nickolas58 Schumm995,M,GENERAL PRACTICE,250 POND STREET,FRAMINGHAM,MA,017014592,42.2838619,-71.4093719,132,0
2ad0ad92-cb6a-3772-af38-52fa695ecfcc,7e6db51f-7c1b-3555-9e1c-6269ba6d704d,Drew592 Streich926,M,GENERAL PRACTICE,120 STAFFORD STREET SUITE 206,WORCESTER,MA,016031461,42.239638,-71.8443785891577,13,0
c10ef7c1-cf5f-3d37-a002-54078c9107fa,e7b77e8f-b607-3273-aef9-ad1bca48813f,Ivonne773 Turcotte120,F,GENERAL PRACTICE,209 W CENTRAL ST STE 216,NATICK,MA,017603716,42.28202598359604,-71.3899479380402,41,0
12113d9d-0ab2-35a6-b351-dada260255ce,62ccfb55-1f60-3450-a607-706bedc9ef4e,Maximo817 Greenholt190,M,GENERAL PRACTICE,120 MURRAY STREET,MEDFORD,MA,021551300,42.42974035,-71.08853906104483,1,0
d2d2da5a-367c-3f45-a96b-fe6b949b96c2,e5d50afe-8c7d-35f5-96f5-fb8941403b0f,Justin359 Hayes766,M,GENERAL PRACTICE,125 S CLARK ST STE 900,FALL RIVER,MA,02722,41.74223,-71.129706,14,0
102d857d-566e-3c93-b90e-96a19e22527a,25431f9a-00e4-36d8-9810-4125328eec50,Kati243 Ruecker817,F,GENERAL PRACTICE,55 FRUIT ST,WALTHAM,MA,02451,42.3756401,-71.2358004,34,0
b6a4f8dc-4d18-36e8-a8cf-2653d50fb06d,a130ed39-d3a2-3b2a-91fe-0c14f5e26eb2,Chery887 Nicolas769,F,GENERAL PRACTICE,EAST CREEK ROAD,NANTUCKET,MA,025544015,41.273999,-70.091114,8,0
beaabbb4-f993-32a3-8c04-2980b45dcc28,89171335-b9c0-3326-98d6-a837d432b9fd,Louis204 Hauck852,M,GENERAL PRACTICE,150 FLANDERS ROAD,LYNN,MA,019042915,42.466763,-70.9494939,72,0
7119ff2c-ac81-3a7d-b05f-b7df4d03f46c,c1a85a41-6758-3edc-95ec-238b8ac72a40,Wilhemina814 Lesch175,F,GENERAL PRACTICE,65 CENTRAL ST,GEORGETOWN,MA,018332112,42.7211656,-70.99324119227308,78,0
eca107a7-c512-3541-b8d4-d989fb0f16cf,01bde980-bf89-3138-8912-7360dff33247,Bradly656 Lang846,M,GENERAL PRACTICE,456 PARK AVE,WORCESTER,MA,016101254,42.25512735,-71.82580924803523,7,0
2c415e3c-47ae-3a2f-941c-2138224fd4a8,217cb6f6-e822-3831-9d9d-ffa104971042,Cira533 Jakubowski832,F,GENERAL PRACTICE,2 REHABILITATION WAY,WOBURN,MA,018016003,42.46352265,-71.161925472006,979,0
46d1cb83-54ff-3bda-9ff7-65529f8ada63,4e56c7ec-99e5-3023-8e4f-95ad18a03f06,Regenia619 Bosco882,F,GENERAL PRACTICE,28 RIVERSIDE DR STE 101,PEMBROKE,MA,023594947,42.11004715,-70.77534154695786,49,0
9c524e57-b9e1-3843-b9a2-269b913cf1a5,e2a8b444-9b8f-36ff-84c4-05ee98589482,Francisco472 Gusikowski974,F,GENERAL PRACTICE,8 SHIPWAY PL # C-8,CHARLESTOWN,MA,021294301,42.3778749,-71.0619957,35,0
51eedea4-4edd-36ef-8677-53b1936f6a5f,71f4c23f-7559-31ff-8f42-a672e80b85a2,Clayton230 Jast432,M,GENERAL PRACTICE,300 FIRST AVENUE,WESTBOROUGH,MA,015812831,42.2694308,-71.6129907,44,0
4abbeea6-e894-39a1-b8c8-bd51b5ce2d75,121b0ad1-1beb-3caa-9271-3d3f726bb727,Kyoko885 Price929,F,GENERAL PRACTICE,1030 MAIN STREET,WALTHAM,MA,024517447,42.375828,-71.2527956,465,0
38ba358e-02bf-3465-8e38-ab654ddfba11,0a2252ba-33de-322f-8f0a-e5b0141f1780,Lincoln623 Block661,M,GENERAL PRACTICE,632 BLUE  HILL AVENUE,DORCHESTER,MA,021213213,42.2941088,-71.0885355,23,0
da97dd58-902f-336c-b1d4-c583d531ca3c,9f368e75-397f-3d77-a317-9a005512a4e2,Franklin857 Pfannerstill264,M,GENERAL PRACTICE,381 PARK AVE,WORCESTER,MA,016101026,42.2583962,-71.82204240042036,35,0
48093631-2c64-3984-bb63-4da7c252e859,4d3ec6c2-f6aa-3d7b-adcc-e7107dac8530,Armand155 Schultz619,M,GENERAL PRACTICE,14 MASONIC CIRCLE,AUBURN,MA,015011341,42.181923125,-71.86839612499999,1,0
c3e65d9e-38fb-3076-88cc-00b3774d93ed,95f6c328-96dd-3fb8-a56e-9aad566094b4,Milda157 Schoen8,F,GENERAL PRACTICE,4 STONY HILL ROAD,WILBRAHAM,MA,010951027,42.1552861,-72.48384800788648,14,0
aeebe82c-f8d7-39af-9c3b-3dc87d38b2b8,91808f17-7583-32a3-aa55-23b131b327c7,Leonie332 Wunsch504,F,GENERAL PRACTICE,200 CORDWAINER DR,NORWELL,MA,020611671,42.16352995,-70.8846291501739,24,0
5e9b1229-aba4-3680-acf8-20d292948022,76baa51d-0d0f-359d-a07b-7b999a43d42e,Dong972 Gibson10,F,GENERAL PRACTICE,101 STATION DR STE 240,WESTWOOD,MA,020902336,42.20728361922244,-71.15698168263435,84,0
a96be739-34b4-3d1b-a8e2-537dedecf3cf,53f086de-2fc7-3d35-92c2-aca4ed944e7f,Carisa395 Kutch271,F,GENERAL PRACTICE,1 GENERAL ST,LAWRENCE,MA,018412961,42.7097143,-71.15007700778098,894,0
17df2632-f223-36a4-b3c3-9c700a0a7727,20f63278-6709-3195-b767-782d2a10bd5c,Stacee229 Krajcik437,F,GENERAL PRACTICE,640 CONCORD AVENUE,CAMBRIDGE,MA,021381116,42.389222000000004,-71.14799280677965,24,0
fe5a01b1-fc0c-3042-b309-559070a14781,c05d73d0-b348-32ce-9fe5-13a720950f37,Rema399 McDermott739,F,GENERAL PRACTICE,45 DRUM HILL RD,CHELMSFORD,MA,018241503,42.6255635,-71.3615131,38,0
d8c6adaf-dcbb-3182-a73d-350bbe3b5971,ac0fde88-b0ad-3388-a4a8-b8fc2a4f4af2,Lloyd546 Wuckert783,M,GENERAL PRACTICE,150 YORK STREET,STOUGHTON,MA,020729105,42.144646800000004,-71.09875876961266,154,0
bb7fdfba-d7bd-3425-ba54-a6d888443500,d70d47dc-b40c-3a04-8342-35cbfe716409,Marcelino726 Hilpert278,M,GENERAL PRACTICE,83 LITTLEFIELD RD,NEWTON,MA,024593010,42.3104327,-71.18883283411856,19,0
ca533128-47dc-3dc0-8dbf-b9e6a710c591,de3cc142-803a-3ed4-8945-75ec88a84784,Brittni468 Trantow673,F,GENERAL PRACTICE,51 HOSPITAL ROAD,BALDWINVILLE,MA,014361215,42.6108483,-72.0608364,24,0
61f48128-4f6f-3aa3-a4b2-1e22ef5b081c,047f6113-bd42-353b-8368-cf2352868915,Neal874 Schimmel440,M,GENERAL PRACTICE,62 WALNUT ST FL 2ND,WELLESLEY,MA,024812109,42.2964859,-71.2925571,16,0
76ee3178-e021-3fcf-90f3-0d7db8e78ba0,0592d4e5-a0fb-3143-83cd-8e5a6b066a96,Mica978 Lemke654,F,GENERAL PRACTICE,20 EAST ST,HANOVER,MA,023391638,42.1278249,-70.82664947485381,51,0
f6e9df0c-2dc7-32e1-83f3-7d5eb0117c93,c67ca7ed-4769-3b6c-a0a9-993f1227ff10,Francisco472 Casárez469,M,GENERAL PRACTICE,1 BLACKBURN DR,GLOUCESTER,MA,019302237,42.6269312,-70.65555242413386,34,0
c43892d9-7850-3abe-b1c4-e1287dd7782b,612fb151-095d-3d11-942b-5907216f4dbb,Colin861 Crona259,M,GENERAL PRACTICE,34 HAVERHILL ST,LAWRENCE,MA,018412884,42.71186535,-71.15197382279813,37,0
d6eb20d9-aad8-3331-a590-f7ab592c14cd,6aae7a31-90df-3455-ad8d-81f8cf2d21e8,Damaris45 Funk324,F,GENERAL PRACTICE,680 CENTRE ST,BROCKTON,MA,023023308,42.0872752,-70.9910738855076,61,0
23b74fa8-8d79-3725-88fc-cd4da0b3218c,14036728-b721-3e4b-8755-8ee8ab6ed15e,Rocky100 Schmeler639,M,GENERAL PRACTICE,625 MOUNT AUBURN ST,CAMBRIDGE,MA,021384518,42.375351,-71.1468628,84,0
